last_name, first_name,year,player_age,b_ab,b_total_pa,b_total_hits,b_single,b_double,b_triple,b_home_run,b_strikeout,b_walk,b_k_percent,b_bb_percent,batting_avg,slg_percent,on_base_percent,on_base_plus_slg,isolated_power,b_total_bases,r_total_caught_stealing,r_total_stolen_base,xba,xslg,woba,xwoba,xobp,xiso,bacon,xbadiff,xslgdiff,wobadif,exit_velocity_avg,launch_angle_avg,sweet_spot_percent,barrel_batted_rate,solidcontact_percent,flareburner_percent,poorlyunder_percent,poorlytopped_percent,poorlyweak_percent,hard_hit_percent,z_swing_percent,z_swing_miss_percent,oz_swing_percent,oz_swing_miss_percent,oz_contact_percent,out_zone_swing_miss,out_zone_swing,out_zone_percent,meatball_swing_percent,meatball_percent,pitch_count_offspeed,pitch_count_fastball,pitch_count_breaking,iz_contact_percent,in_zone_percent,edge_percent,whiff_percent,swing_percent,pull_percent,straightaway_percent,opposite_percent,f_strike_percent,groundballs_percent,flyballs_percent,linedrives_percent,popups_percent,sprint_speed,
Pujols, Albert,2019,39,491,545,120,75,22,0,23,68,43,12.5,7.9,.244,.430,.305,.734,.185,211,0,3,.253,.433,.308,.319,.316,.175,.278,-0.009,-0.003,-0.011,88.3,12.4,26.7,6.0,3.7,23.7,27.8,35.5,3.2,36.3,59.7,11.1,30.8,30.1,69.9,100,332,52.8,67.4,7.0,184,1182,677,88.9,47.2,42.4,18.2,44.5,45.7,35.7,18.6,56.3,46.2,26.7,16.9,10.2,22.5,
Cabrera, Miguel,2019,36,493,549,139,106,21,0,12,108,48,19.7,8.7,.282,.398,.346,.744,.116,196,0,0,.273,.443,.318,.332,.340,.167,.356,.009,-0.045,-0.014,90.3,12.2,38.5,6.4,7.2,30.5,21.5,33.1,1.3,44.6,67.8,14.7,34.0,40.7,59.3,151,371,54.0,75.3,7.6,185,1217,620,85.3,46.0,42.5,24.4,49.6,30.0,37.2,32.8,62.7,44.9,22.3,27.9,4.9,23.5,
Choo, Shin-Soo,2019,37,563,660,149,92,31,2,24,165,78,25.0,11.8,.265,.455,.371,.826,.190,256,1,15,.260,.469,.353,.356,.368,.206,.373,.005,-0.014,-0.003,91.3,8.7,32.1,8.8,9.0,28.1,16.8,33.1,4.3,49.0,63.9,20.9,20.1,55.9,44.1,151,270,50.0,74.9,7.3,397,1498,790,79.1,50.0,42.8,29.5,42.0,36.1,39.6,24.3,59.2,50.6,22.3,23.6,3.5,26.6,
Encarnacion, Edwin,2019,36,418,486,102,50,18,0,34,103,58,21.2,11.9,.244,.531,.344,.875,.287,222,1,0,.242,.513,.362,.360,.345,.270,.321,.002,.018,.002,90.0,22.5,34.6,12.6,5.7,21.4,36.5,21.4,2.5,42.0,65.7,20.7,25.2,37.2,62.8,106,285,53.9,75.5,7.0,225,1115,748,79.3,46.1,41.8,25.9,43.5,48.1,30.2,21.4,56.6,30.8,31.1,23.0,15.1,24.8,
Jones, Adam,2019,34,485,528,126,84,25,1,16,101,31,19.1,5.9,.260,.414,.313,.727,.155,201,1,2,.256,.428,.308,.313,.311,.170,.326,.003,-0.014,-0.005,86.0,13.5,31.3,6.7,5.4,23.8,24.8,34.1,5.2,30.2,71.3,15.1,39.2,45.8,54.2,185,404,53.6,73.6,6.3,186,1122,614,84.9,46.4,43.1,27.0,54.1,39.3,38.0,22.5,62.2,43.9,25.8,21.2,9.0,26.8,
Desmond, Ian,2019,34,443,482,113,58,31,4,20,119,34,24.7,7.1,.255,.479,.309,.788,.223,212,3,3,.271,.474,.328,.335,.325,.201,.347,-0.016,.005,-0.007,90.6,8.4,32.4,10.4,4.9,24.5,19.6,37.9,2.8,42.2,67.5,17.2,26.1,47.4,52.6,120,253,53.1,78.0,6.7,180,1177,473,82.8,46.9,43.8,26.4,45.5,29.7,36.7,33.6,60.4,47.4,22.3,24.8,5.5,27.5,
Cruz, Nelson,2019,39,454,521,141,74,26,0,41,131,56,25.1,10.7,.311,.639,.392,1.030,.328,290,1,0,.296,.644,.418,.419,.383,.346,.433,.015,-0.004,-0.001,93.7,13.1,38.3,19.9,8.3,20.6,20.2,28.8,2.1,51.5,69.8,21.9,27.2,54.5,45.5,174,319,55.4,82.6,7.3,223,1171,720,78.1,44.6,40.4,32.5,46.2,38.7,36.2,25.2,54.8,40.5,24.8,27.0,7.7,25.3,
Longoria, Evan,2019,34,453,508,115,74,19,2,20,112,43,22.0,8.5,.254,.437,.325,.762,.183,198,1,3,.274,.498,.322,.352,.344,.221,.332,-0.020,-0.061,-0.030,89.7,14.0,35.8,7.5,8.4,25.1,24.9,32.4,1.7,40.8,64.6,21.1,30.2,35.3,64.7,110,312,51.4,77.2,6.3,223,1197,591,78.9,48.6,42.3,25.7,46.8,37.3,40.5,22.3,60.4,41.0,26.6,27.2,5.2,26.4,
Fowler, Dexter,2019,33,487,574,116,72,24,1,19,142,74,24.7,12.9,.238,.409,.345,.754,.170,199,5,8,.251,.421,.326,.338,.357,.167,.332,-0.013,-0.012,-0.012,85.2,13.0,40.9,7.4,4.6,28.3,24.6,31.1,4.0,28.4,66.5,21.2,23.0,42.2,57.8,127,301,54.8,78.6,6.4,429,1379,580,78.8,45.2,44.1,27.2,42.6,36.9,39.4,23.7,59.9,39.4,26.0,28.6,6.0,27.7,
Cabrera, Asdrubal,2019,34,447,514,116,72,25,1,18,103,57,20.0,11.1,.260,.441,.342,.783,.181,197,0,4,.241,.413,.331,.318,.329,.170,.330,.019,.028,.013,88.8,14.1,37.3,5.7,6.3,26.2,29.3,30.2,2.3,35.3,65.9,16.3,25.1,32.1,67.9,85,265,50.5,70.6,6.5,298,1252,538,83.7,49.5,45.1,20.7,45.3,46.2,32.2,21.7,58.0,38.7,27.4,27.6,6.3,25.4,
Blackmon, Charlie,2019,33,580,634,182,101,42,7,32,104,40,16.4,6.3,.314,.576,.364,.940,.262,334,5,2,.294,.520,.387,.362,.348,.224,.378,.020,.056,.025,88.5,14.5,36.8,8.3,7.9,26.4,24.3,29.5,3.5,40.1,70.4,13.7,30.1,32.5,67.5,119,366,51.4,75.8,6.6,323,1489,549,86.3,48.6,45.1,19.6,49.7,39.3,35.3,25.4,62.0,40.3,26.8,26.6,6.2,26.7,
Frazier, Todd,2019,33,447,499,112,70,19,2,21,106,40,21.2,8.0,.251,.443,.329,.772,.192,198,2,1,.240,.413,.328,.315,.319,.171,.328,.011,.030,.013,88.2,17.3,34.6,7.3,7.0,21.4,30.8,29.0,4.4,38.4,61.9,16.3,25.9,45.2,54.8,123,272,53.2,72.8,7.5,217,1114,641,83.7,46.8,41.4,25.6,42.8,47.8,35.5,16.7,55.7,36.1,26.1,26.4,11.4,25.3,
Cain, Lorenzo,2019,33,562,623,146,105,30,0,11,106,50,17.0,8.0,.260,.372,.324,.696,.112,209,8,18,.290,.412,.302,.330,.353,.120,.317,-0.030,-0.040,-0.028,89.4,6.6,31.3,4.1,5.2,27.8,17.4,43.0,2.4,42.1,65.4,9.9,25.1,41.4,58.3,132,319,51.6,71.1,7.3,230,1653,578,90.1,48.4,42.5,19.2,44.7,27.4,40.2,32.4,60.4,50.9,16.7,27.2,5.2,27.8,
Turner, Justin,2019,35,479,549,139,88,24,0,27,88,51,16.0,9.3,.290,.509,.372,.881,.219,244,0,2,.288,.517,.370,.378,.373,.228,.351,.002,-0.008,-0.008,90.2,17.6,38.9,7.8,9.3,28.8,28.3,23.7,2.0,43.0,66.3,13.1,24.6,27.8,72.2,73,263,50.2,80.9,7.4,238,1317,576,86.9,49.8,41.2,17.1,45.4,34.6,39.4,26.0,58.7,34.8,29.8,28.8,6.6,26.1,
Votto, Joey,2019,36,525,608,137,89,32,1,15,123,76,20.2,12.5,.261,.411,.357,.768,.150,216,0,5,.256,.442,.332,.343,.355,.184,.338,.005,-0.031,-0.011,88.8,15.0,40.7,6.9,5.7,28.4,29.4,27.7,2.0,37.7,65.6,13.7,18.4,37.3,62.7,85,228,52.0,79.5,7.4,320,1507,562,86.3,48.0,45.1,19.6,41.5,35.3,39.5,25.2,59.0,37.8,30.1,28.9,3.2,25.0,
Gardner, Brett,2019,36,491,550,123,62,26,7,28,108,52,19.6,9.5,.251,.503,.325,.829,.253,247,2,10,.242,.372,.344,.301,.319,.128,.319,.009,.131,.043,87.2,13.6,29.3,4.1,6.0,23.1,29.8,32.9,4.1,31.4,54.9,11.3,22.4,39.7,60.3,108,272,51.1,64.7,7.9,305,1494,576,88.7,48.9,40.0,19.7,38.3,44.3,36.3,19.4,53.5,45.1,20.7,23.1,11.1,28.9,
Braun, Ryan,2019,36,459,508,131,76,31,2,22,105,34,20.7,6.7,.285,.505,.341,.846,.220,232,1,11,.273,.479,.354,.342,.333,.203,.367,.012,.026,.012,91.2,7.1,33.6,9.8,5.3,22.1,19.0,42.0,1.7,45.0,71.9,13.1,34.6,43.8,56.3,154,352,55.1,85.4,5.2,202,1210,435,86.9,44.9,43.0,24.9,51.5,36.4,39.8,23.8,61.6,49.6,19.3,25.5,5.6,26.6,
Gordon, Alex,2019,35,556,633,148,103,31,1,13,100,51,15.8,8.1,.266,.396,.344,.740,.129,220,3,5,.261,.430,.319,.332,.343,.166,.320,.005,-0.034,-0.013,88.2,9.0,33.7,5.4,5.6,23.3,23.5,36.3,5.8,37.8,70.4,14.4,26.6,41.1,58.9,132,321,51.5,81.2,6.6,325,1392,629,85.6,48.5,42.9,22.0,47.9,36.9,37.8,25.3,59.6,46.9,24.0,27.0,2.2,25.4,
Andrus, Elvis,2019,31,600,648,165,122,27,4,12,96,34,14.8,5.2,.275,.393,.313,.707,.118,236,8,31,.271,.398,.300,.307,.314,.125,.321,.004,-0.005,-0.007,88.2,7.1,32.5,3.5,4.5,28.6,20.4,41.1,1.9,34.4,60.9,9.4,32.6,37.5,62.5,157,419,51.3,64.4,6.4,240,1376,891,90.6,48.7,42.3,19.6,46.4,30.0,43.6,26.5,63.7,52.3,18.7,24.3,4.7,26.7,
Ramos, Wilson,2019,32,473,524,136,103,19,0,14,69,44,13.2,8.4,.288,.416,.351,.768,.129,197,0,1,.263,.402,.327,.311,.329,.135,.334,.025,.014,.016,90.0,0.0,26.0,4.7,3.7,27.0,12.8,49.1,2.7,42.2,74.4,13.7,34.1,34.8,65.2,104,299,51.0,81.3,7.8,174,1092,452,86.3,49.0,40.2,20.5,53.9,32.4,43.7,23.8,64.1,63.4,13.8,19.9,2.9,22.9,
Santana, Carlos,2019,33,573,686,161,96,30,1,34,108,108,15.7,15.7,.281,.515,.397,.911,.234,295,0,4,.268,.485,.380,.367,.386,.213,.345,.013,.030,.013,91.8,11.8,29.1,9.6,5.8,23.1,25.1,35.5,0.9,44.9,63.4,15.4,17.8,35.5,64.5,93,262,53.0,76.4,6.5,521,1548,711,84.6,47.0,42.8,20.4,39.3,42.0,39.2,18.8,54.4,46.3,26.3,20.8,6.6,25.7,
Belt, Brandon,2019,31,526,616,123,71,32,3,17,127,83,20.6,13.5,.234,.403,.339,.742,.169,212,3,4,.245,.457,.319,.346,.352,.211,.305,-0.011,-0.054,-0.027,86.4,21.9,41.4,8.7,9.7,22.3,36.0,18.1,5.2,35.8,74.5,15.7,22.4,42.7,57.3,131,307,54.6,88.1,6.4,372,1577,559,84.3,45.4,41.8,22.9,46.0,40.4,34.2,25.3,58.3,30.0,33.5,27.0,9.4,24.8,
Smoak, Justin,2019,33,414,500,86,48,16,0,22,106,79,21.2,15.8,.208,.406,.342,.748,.198,168,0,0,.250,.495,.323,.366,.377,.244,.278,-0.042,-0.089,-0.043,90.3,16.8,37.5,11.0,8.4,24.3,28.8,26.5,1.0,39.5,63.1,14.3,19.7,50.0,50.0,109,218,54.0,75.2,6.5,372,1133,539,85.7,46.0,42.7,23.9,39.7,45.0,37.2,17.8,53.2,37.9,30.4,24.3,7.4,23.5,
Brantley, Michael,2019,32,575,637,179,115,40,2,22,66,51,10.4,8.0,.311,.503,.372,.875,.191,289,2,3,.303,.490,.367,.362,.367,.184,.349,.008,.013,.005,88.7,10.6,38.4,5.8,6.8,28.7,21.6,32.7,4.3,37.4,60.8,5.4,25.9,24.1,75.9,70,291,49.4,69.2,7.4,302,1445,527,94.6,50.6,44.0,10.8,43.7,39.0,34.9,26.1,60.0,46.0,20.9,28.1,5.1,26.4,
Gurriel, Yuli,2019,35,564,612,168,95,40,2,31,65,37,10.6,6.0,.298,.541,.343,.884,.243,305,3,5,.284,.422,.364,.322,.332,.135,.333,.014,.119,.042,89.3,14.5,34.3,3.8,4.2,29.5,30.1,30.7,1.8,37.5,66.6,9.4,34.3,24.8,75.2,91,367,52.3,74.4,6.5,249,1184,615,90.6,47.7,41.7,14.8,49.7,41.2,36.6,22.2,64.9,38.6,21.4,27.3,12.7,27.6,
Rojas, Miguel,2019,30,483,526,137,102,29,1,5,62,32,11.8,6.1,.284,.379,.331,.710,.095,183,5,9,.275,.373,.305,.303,.326,.095,.322,.009,.006,.002,87.1,8.8,31.9,2.6,2.3,28.3,24.6,39.6,2.6,28.3,63.9,10.0,29.8,30.8,69.2,85,276,49.6,66.5,8.5,220,1140,506,90.0,50.4,40.4,16.5,47.0,28.8,41.5,29.7,66.9,47.8,21.3,27.2,3.7,26.4,
Escobar, Eduardo,2019,30,636,699,171,97,29,10,35,130,50,18.6,7.2,.269,.511,.320,.831,.242,325,1,5,.258,.468,.341,.327,.314,.209,.331,.011,.043,.014,87.8,18.3,38.6,7.0,7.9,23.3,34.3,25.2,2.3,31.5,71.2,18.0,37.8,35.1,64.9,199,567,55.8,75.1,6.4,422,1616,652,82.0,44.2,43.0,24.8,52.5,41.1,38.6,20.3,61.5,32.9,33.5,27.1,6.4,27.6,
Davis, Khris,2019,32,481,533,106,72,11,0,23,146,47,27.4,8.8,.220,.387,.293,.679,.166,186,0,0,.233,.442,.289,.318,.306,.206,.315,-0.013,-0.055,-0.029,90.1,13.2,32.0,10.1,8.0,22.0,25.5,32.6,1.8,40.2,79.6,26.8,27.4,57.2,42.8,170,297,53.5,93.8,6.4,258,1100,670,73.2,46.5,43.5,34.9,51.8,37.1,38.6,24.3,58.0,42.4,28.5,23.7,5.3,25.6,
Pham, Tommy,2019,31,567,654,155,99,33,2,21,123,81,18.8,12.4,.273,.450,.369,.818,.176,255,4,25,.277,.462,.349,.357,.373,.181,.348,-0.004,-0.012,-0.008,90.8,5.1,29.7,7.9,4.9,24.0,16.6,42.7,3.8,44.8,61.5,12.7,16.5,46.8,53.2,103,220,51.4,71.0,7.7,247,1538,817,87.3,48.6,41.6,20.2,38.4,31.7,42.9,25.4,58.3,53.5,18.9,23.8,3.8,28.7,
Martinez, J.D.,2019,32,575,657,175,104,33,2,36,138,72,21.0,11.0,.304,.557,.382,.939,.252,320,0,2,.309,.579,.386,.400,.389,.268,.396,-0.005,-0.022,-0.014,91.3,12.5,41.9,12.0,7.5,30.1,19.9,28.3,2.3,46.7,72.5,16.4,29.7,48.2,51.8,190,394,53.9,89.4,7.3,217,1448,796,83.6,46.1,44.2,26.7,49.5,38.2,35.3,26.5,61.6,43.0,25.6,28.5,2.9,26.7,
Reddick, Josh,2019,32,501,550,138,102,19,3,14,66,36,12.0,6.5,.275,.409,.316,.726,.134,205,2,5,.277,.397,.308,.313,.325,.118,.311,-0.002,.012,-0.005,86.0,15.6,36.6,3.4,4.0,28.8,30.1,30.8,2.9,29.2,74.1,9.2,29.5,28.0,72.0,84,300,51.9,78.9,6.5,320,1167,471,90.7,48.1,41.6,14.7,51.0,36.2,38.4,25.4,60.2,40.4,23.1,27.0,9.4,26.7,
Murphy, Daniel,2019,34,438,478,122,73,35,1,13,74,32,15.5,6.7,.279,.452,.326,.778,.174,198,1,1,.250,.371,.328,.290,.302,.117,.332,.029,.081,.038,86.3,14.8,36.7,2.4,5.2,28.3,29.1,31.8,3.3,28.1,68.5,8.3,30.0,28.9,71.1,83,287,52.6,72.6,6.8,231,1165,422,91.7,47.4,42.2,15.0,48.3,36.1,36.7,27.2,60.7,40.8,24.7,28.0,6.5,25.7,
Goldschmidt, Paul,2019,32,597,682,155,95,25,1,34,166,78,24.3,11.4,.260,.476,.345,.820,.216,284,1,3,.262,.513,.346,.361,.349,.250,.357,-0.002,-0.037,-0.015,90.1,15.3,36.6,11.3,9.0,24.4,25.1,26.7,3.5,42.4,66.7,22.2,28.3,35.2,64.8,148,421,52.5,69.8,7.0,316,1646,878,77.8,47.5,42.5,26.3,46.5,37.8,37.6,24.7,64.7,38.5,29.7,24.4,7.4,26.6,
Altuve, Jose,2019,29,500,548,149,88,27,3,31,82,41,15.0,7.5,.298,.550,.352,.902,.252,275,5,6,.282,.492,.374,.350,.339,.208,.354,.016,.058,.024,86.1,8.8,29.4,8.1,4.0,21.8,21.8,36.7,7.6,34.5,66.6,15.2,30.2,31.7,68.3,100,315,54.0,70.7,6.4,255,1083,593,84.8,46.0,41.3,20.8,46.8,41.7,40.0,18.2,65.3,50.7,21.8,19.7,7.8,28.6,
Hernandez, Cesar,2019,29,612,667,171,123,31,3,14,100,45,15.0,6.7,.279,.408,.333,.741,.129,250,2,9,.273,.378,.315,.303,.327,.102,.331,.006,.030,.012,85.7,9.3,32.0,2.7,2.7,26.0,23.8,42.6,2.1,28.3,63.8,11.0,27.3,31.8,68.2,113,355,50.1,70.9,7.8,448,1518,633,89.0,49.9,43.7,17.2,45.5,34.5,35.9,29.7,62.1,49.8,17.6,24.4,8.1,28.7,
Segura, Jean,2019,29,576,618,161,108,37,4,12,73,30,11.8,4.9,.280,.420,.322,.742,.141,242,2,10,.278,.406,.315,.314,.322,.125,.318,.002,.014,.001,88.0,7.0,31.0,3.2,5.9,22.9,19.1,45.4,3.6,32.7,60.1,7.8,35.4,25.1,74.9,105,418,52.9,63.8,6.8,211,1341,678,92.2,47.1,41.6,14.7,47.0,29.2,44.6,26.2,61.5,52.9,16.4,23.9,6.9,27.5,
Castro, Starlin,2019,29,636,676,172,115,31,4,22,111,28,16.4,4.1,.270,.436,.300,.736,.165,277,2,2,.268,.432,.307,.310,.301,.162,.322,.002,.004,-0.003,88.6,10.9,29.6,6.2,4.1,27.3,24.3,34.1,3.9,37.7,67.5,12.2,31.3,33.8,66.2,133,394,50.6,79.9,6.6,245,1517,720,87.8,49.4,45.4,19.1,49.2,37.6,40.6,21.7,60.2,48.1,24.2,21.7,6.0,26.9,
Marte, Starling,2019,31,539,586,159,99,31,6,23,94,25,16.0,4.3,.295,.503,.341,.844,.208,271,6,25,.304,.511,.353,.361,.352,.204,.354,-0.009,-0.008,-0.008,87.4,7.4,31.9,8.2,5.5,23.9,19.1,36.6,6.7,38.5,75.7,17.2,33.5,40.9,59.1,153,374,53.2,84.1,6.3,223,1257,619,82.8,46.8,42.2,25.1,53.2,35.9,40.4,23.7,62.6,52.5,19.7,23.5,4.2,29.0,
Donaldson, Josh,2019,34,549,659,142,72,33,0,37,155,100,23.5,15.2,.259,.521,.379,.900,.262,286,2,4,.269,.536,.377,.387,.388,.265,.359,-0.010,-0.015,-0.010,92.9,13.3,33.3,15.7,5.1,24.2,23.2,30.3,1.5,50.0,68.8,25.9,23.1,40.0,60.0,138,345,54.5,82.3,6.6,324,1642,776,74.1,45.5,42.7,29.9,43.9,39.9,35.1,25.0,58.4,41.9,23.5,26.3,8.3,25.8,
Freeman, Freddie,2019,30,597,692,176,102,34,2,38,127,87,18.4,12.6,.295,.549,.389,.938,.255,328,3,6,.292,.571,.387,.394,.386,.277,.373,.003,-0.022,-0.007,89.7,14.5,40.3,12.5,7.0,25.6,22.9,29.7,2.3,42.3,80.4,19.8,29.2,34.3,65.7,153,446,55.6,86.7,5.8,498,1595,653,80.2,44.4,43.0,24.3,51.9,37.3,35.4,27.3,55.1,38.1,27.1,30.9,3.8,26.4,
Grandal, Yasmani,2019,31,513,632,126,70,26,2,28,139,109,22.0,17.2,.246,.468,.380,.848,.222,240,1,5,.240,.474,.361,.363,.377,.231,.332,.006,-0.006,-0.002,90.3,13.9,37.7,11.3,8.7,21.1,26.1,30.1,2.6,41.8,58.2,16.9,21.6,45.3,54.7,140,309,53.6,72.8,6.3,427,1548,697,83.1,46.4,44.4,25.5,38.4,35.1,42.0,23.0,57.0,40.9,27.2,24.8,7.1,24.2,
Heyward, Jason,2019,30,513,589,129,84,20,4,21,110,68,18.7,11.5,.251,.429,.343,.772,.177,220,3,8,.269,.416,.328,.333,.358,.144,.318,-0.018,.013,-0.005,88.6,11.1,32.3,5.9,6.2,25.4,23.6,35.7,3.2,36.5,66.3,16.3,27.5,35.2,64.8,116,330,54.3,73.4,6.5,322,1319,567,83.7,45.7,43.4,22.7,45.4,39.4,38.7,21.9,54.5,47.3,20.4,25.1,7.1,27.4,
LeMahieu, DJ,2019,31,602,655,197,136,33,2,26,90,46,13.7,7.0,.327,.518,.374,.892,.191,312,2,5,.322,.529,.375,.379,.371,.203,.382,.005,-0.011,-0.004,91.7,6.7,36.6,7.5,6.6,29.6,15.5,39.1,1.7,47.2,64.3,10.8,27.3,28.2,71.8,96,341,50.8,69.4,7.8,240,1597,621,89.2,49.2,42.7,16.0,45.6,25.0,41.4,33.7,58.3,49.7,17.2,29.8,3.3,26.7,
Moustakas, Mike,2019,31,523,584,133,67,30,1,35,98,53,16.8,9.1,.254,.516,.329,.845,.262,270,0,3,.263,.505,.348,.349,.337,.240,.311,-0.009,.011,-0.001,89.3,17.1,32.6,10.3,6.1,21.3,31.4,26.0,4.9,40.7,71.8,17.8,31.4,38.3,61.7,144,376,54.5,81.0,6.7,282,1327,590,82.2,45.5,43.5,25.0,49.8,37.9,33.7,28.3,52.2,37.0,28.3,23.0,11.7,25.7,
Rizzo, Anthony,2019,30,512,613,150,91,29,3,27,86,71,14.0,11.6,.293,.520,.405,.924,.227,266,2,5,.300,.497,.390,.390,.413,.195,.350,-0.007,.023,.000,88.8,12.4,37.1,7.0,5.6,30.5,21.4,32.2,3.3,37.0,63.8,13.7,31.8,28.9,71.1,127,439,56.4,71.3,6.5,387,1436,626,86.3,43.6,43.1,19.7,45.5,40.1,36.6,23.3,51.4,43.1,21.2,29.1,6.5,25.3,
Galvis, Freddy,2019,30,557,589,145,93,28,1,23,145,28,24.6,4.8,.260,.438,.295,.733,.178,244,2,4,.238,.387,.308,.280,.275,.147,.350,.023,.052,.028,88.2,14.2,31.8,5.5,5.1,27.0,29.6,29.6,3.1,36.1,71.6,21.3,37.8,41.4,58.6,187,452,52.2,77.5,6.6,415,1304,567,78.7,47.8,42.5,28.7,54.0,38.1,34.9,27.0,61.4,41.2,26.5,25.1,7.2,25.9,
Garcia, Avisail,2019,28,489,530,138,91,25,2,20,125,31,23.6,5.8,.282,.464,.332,.796,.182,227,4,10,.275,.494,.334,.342,.327,.217,.376,.007,-0.030,-0.008,89.5,9.8,34.1,11.7,6.8,20.7,20.7,34.9,5.2,40.3,81.3,20.8,36.0,52.7,47.3,198,376,55.1,85.2,7.5,250,1055,589,79.2,44.9,39.9,32.0,56.4,40.6,36.5,22.9,62.3,45.8,21.0,26.7,6.5,28.8,
Ozuna, Marcell,2019,29,485,549,117,64,23,1,29,114,62,20.8,11.3,.241,.472,.328,.800,.231,229,2,12,.288,.548,.336,.382,.370,.257,.315,-0.047,-0.076,-0.046,91.8,13.5,33.6,12.6,6.7,25.8,22.3,30.4,2.2,49.2,68.0,16.7,27.6,47.9,52.1,168,351,57.2,78.6,6.3,222,1199,803,83.3,42.8,39.7,27.6,44.9,45.2,35.8,19.1,58.8,41.9,24.5,26.3,7.3,27.4,
Villar, Jonathan,2019,28,642,714,176,114,33,5,24,176,61,24.6,8.5,.274,.453,.338,.791,.179,291,9,40,.249,.412,.335,.313,.317,.160,.374,.025,.041,.022,87.7,7.0,30.3,6.8,5.7,24.8,21.0,36.7,5.1,37.1,73.4,21.2,27.7,42.7,57.3,178,417,53.0,81.3,6.8,499,1789,555,78.7,47.0,42.0,27.6,49.2,35.0,38.1,26.9,63.3,50.8,19.5,22.9,6.8,27.9,
Santana, Danny,2019,29,474,511,134,77,23,6,28,151,25,29.5,4.9,.283,.534,.323,.857,.251,253,6,21,.275,.496,.352,.338,.317,.219,.409,.008,.038,.014,91.4,13.5,37.8,9.5,7.3,28.7,22.3,31.1,1.2,43.6,73.9,23.9,38.3,47.2,52.8,180,381,51.3,73.5,6.8,398,1028,515,76.0,48.7,43.7,32.1,55.6,39.3,35.7,25.0,62.4,40.9,23.8,29.3,6.1,27.7,
Crawford, Brandon,2019,32,500,560,114,77,24,2,11,117,53,20.9,9.5,.228,.350,.304,.654,.122,175,2,3,.241,.400,.281,.306,.317,.155,.295,-0.013,-0.050,-0.025,87.5,8.4,36.7,5.4,6.5,25.1,19.9,40.8,2.3,35.1,76.6,21.5,28.4,44.8,55.2,146,326,52.6,86.7,6.9,365,1289,524,78.5,47.4,41.0,28.3,51.3,36.7,40.1,23.3,62.5,49.1,18.9,26.9,5.2,25.7,
Cron, C.J.,2019,29,458,499,116,67,24,0,25,107,29,21.4,5.8,.253,.469,.311,.780,.216,215,0,0,.277,.548,.324,.366,.334,.270,.329,-0.024,-0.080,-0.042,91.0,12.7,34.3,15.0,4.5,21.5,23.5,32.3,3.1,44.6,69.1,17.7,32.4,40.1,59.9,128,319,51.8,78.8,7.2,184,1106,612,82.3,48.2,40.5,25.4,50.2,38.2,37.7,24.1,59.0,42.5,23.8,26.3,7.4,26.1,
Grossman, Robbie,2019,30,420,482,101,71,21,3,6,86,59,17.8,12.2,.240,.348,.334,.682,.107,146,4,9,.265,.383,.299,.324,.357,.115,.301,-0.025,-0.035,-0.025,87.7,12.1,36.3,2.4,5.7,28.6,27.4,34.8,1.2,30.7,60.0,9.9,16.2,36.2,63.8,55,152,49.9,76.5,7.9,309,1142,433,90.1,50.1,43.2,15.5,38.2,29.2,41.1,29.8,59.5,40.2,24.1,29.5,6.3,27.5,
Hosmer, Eric,2019,30,619,667,164,111,29,2,22,163,40,24.4,6.0,.265,.425,.310,.735,.160,263,3,0,.259,.418,.309,.308,.307,.156,.356,.006,.007,.001,90.5,2.1,29.1,7.2,4.8,25.2,14.1,45.8,3.0,46.0,71.9,17.8,32.7,48.2,51.8,225,467,55.9,76.4,6.5,332,1460,765,82.2,44.1,43.7,28.9,49.9,29.3,43.0,27.8,57.9,56.8,17.6,23.2,2.4,25.8,
Kipnis, Jason,2019,32,458,511,112,71,23,1,17,88,40,17.2,7.8,.245,.410,.301,.712,.166,188,2,7,.261,.418,.301,.316,.323,.155,.298,-0.016,-0.008,-0.015,86.7,13.1,33.3,5.5,5.8,23.9,29.4,29.9,5.5,34.4,65.2,11.5,26.5,42.4,57.6,111,262,50.1,73.9,7.8,286,1158,527,88.5,49.9,41.9,20.4,46.0,39.6,36.0,24.4,56.9,41.2,26.8,26.0,6.0,26.8,
McCann, James,2019,29,439,476,120,75,26,1,18,137,30,28.8,6.3,.273,.460,.328,.788,.187,202,1,4,.256,.445,.333,.321,.313,.187,.397,.017,.015,.012,89.9,10.7,36.0,9.2,5.6,29.7,19.8,34.0,1.7,43.5,68.0,19.2,32.6,47.1,52.9,157,333,52.0,81.5,7.4,189,1173,594,80.8,48.0,40.8,28.7,49.6,34.3,35.3,30.4,60.9,43.9,20.8,29.7,5.6,26.2,
Rendon, Anthony,2019,29,545,646,174,93,44,3,34,86,80,13.3,12.4,.319,.598,.412,1.010,.279,326,1,5,.319,.599,.413,.418,.415,.279,.372,.000,-0.001,-0.005,90.4,19.5,38.7,12.0,6.6,27.4,30.3,21.8,1.9,46.6,68.3,8.1,20.4,27.1,72.9,76,280,52.5,79.0,7.5,314,1493,806,91.9,47.5,42.2,12.9,43.1,37.6,38.0,24.4,57.6,33.3,30.1,27.1,9.4,26.7,
Semien, Marcus,2019,29,657,747,187,104,43,7,33,102,87,13.7,11.6,.285,.522,.369,.892,.237,343,8,10,.275,.495,.373,.362,.362,.217,.336,.010,.027,.011,88.8,14.7,34.7,8.5,5.2,23.7,29.3,30.0,3.2,37.8,66.2,12.3,19.2,38.5,61.5,110,286,51.2,78.5,6.9,350,1662,899,87.7,48.8,42.9,18.3,42.1,40.3,35.6,24.1,63.3,41.0,25.5,25.2,8.3,28.1,
Springer, George,2019,30,479,556,140,78,20,3,39,113,67,20.3,12.1,.292,.591,.383,.974,.299,283,2,6,.287,.578,.401,.398,.380,.288,.378,.005,.013,.003,89.8,10.3,33.0,14.3,5.9,22.2,19.2,33.0,5.4,44.8,69.0,20.1,20.8,47.1,52.9,115,244,52.3,87.7,7.3,289,1360,591,79.9,47.7,42.5,26.5,44.0,37.8,38.1,24.1,61.3,44.6,24.3,25.1,5.9,28.4,
Vazquez, Christian,2019,29,482,521,133,83,26,1,23,101,33,19.4,6.3,.276,.477,.319,.796,.201,230,2,4,.254,.447,.331,.316,.303,.191,.346,.022,.030,.015,88.7,12.9,38.2,6.2,8.8,21.7,27.1,32.8,3.4,38.5,67.7,14.7,32.9,31.9,68.1,108,339,51.1,71.8,6.5,182,1240,588,85.3,48.9,42.2,20.5,49.9,33.1,37.7,29.2,64.1,39.5,25.1,29.7,5.7,25.7,
Wong, Kolten,2019,29,478,549,136,96,25,4,11,83,47,15.1,8.6,.285,.423,.357,.780,.138,202,4,24,.259,.368,.334,.308,.339,.106,.340,.026,.055,.026,83.6,10.6,29.1,2.5,4.2,25.6,27.1,31.3,9.4,25.1,66.6,11.4,29.4,33.9,66.1,100,295,50.7,72.7,7.0,332,1164,481,88.6,49.3,42.9,18.5,47.4,34.2,41.1,24.6,57.0,47.0,21.2,22.4,9.4,27.6,
Garcia, Leury,2019,28,577,618,161,123,27,3,8,139,21,22.5,3.4,.279,.378,.304,.682,.099,218,5,15,.247,.352,.295,.274,.280,.101,.365,.032,.026,.021,86.6,4.8,30.1,3.8,3.1,25.2,17.7,44.9,5.3,29.5,72.2,16.7,35.5,40.7,59.3,157,386,50.2,75.8,8.4,316,1237,605,83.3,49.8,43.0,24.7,53.8,30.8,37.2,32.1,62.8,54.9,15.9,26.8,2.4,28.5,
Grichuk, Randal,2019,28,586,628,136,71,29,5,31,163,35,26.0,5.6,.232,.457,.280,.738,.225,268,1,2,.237,.427,.307,.301,.286,.188,.320,-0.005,.031,.006,89.3,16.2,31.3,8.5,7.3,20.7,30.6,31.8,1.2,39.8,69.4,16.7,33.3,48.8,51.2,209,428,53.2,84.6,7.5,277,1260,876,83.3,46.8,41.7,28.1,50.2,43.5,36.0,20.5,61.6,39.8,26.4,21.4,12.5,28.1,
Trout, Mike,2019,28,470,600,137,63,27,2,45,120,110,20.0,18.3,.291,.645,.438,1.083,.353,303,2,11,.311,.669,.436,.455,.456,.357,.387,-0.020,-0.024,-0.019,90.7,22.2,44.1,18.6,7.1,23.7,29.7,17.5,3.4,44.3,57.7,13.3,17.9,36.1,63.9,84,233,52.7,77.7,5.3,220,1603,651,86.7,47.3,42.9,19.2,36.8,41.5,34.7,23.7,52.5,25.4,36.2,29.4,9.0,29.2,
Harper, Bryce,2019,27,573,682,149,77,36,1,35,178,99,26.1,14.5,.260,.510,.372,.882,.250,292,3,15,.279,.548,.366,.387,.389,.267,.373,-0.019,-0.038,-0.021,91.3,13.1,37.6,14.8,7.5,25.3,21.1,27.1,4.3,45.6,74.2,24.4,29.6,51.5,48.5,247,480,58.1,87.5,5.5,436,1569,781,75.6,41.9,41.7,34.0,48.3,36.8,39.8,23.3,59.5,39.8,28.6,27.3,4.3,28.3,
Abreu, Jose,2019,32,634,693,180,108,38,1,33,152,36,21.9,5.2,.284,.503,.330,.834,.219,319,2,2,.283,.520,.344,.359,.336,.234,.366,.001,-0.017,-0.015,92.1,10.9,35.2,12.8,6.1,25.2,18.9,35.4,1.6,48.2,66.4,14.6,34.8,43.2,56.8,220,509,53.5,70.5,6.9,245,1598,884,85.4,46.5,40.9,25.3,49.5,39.4,34.8,25.8,57.7,46.3,21.1,26.6,5.9,26.6,
Narvaez, Omar,2019,27,428,482,119,85,12,0,22,92,47,19.1,9.8,.278,.460,.353,.813,.182,197,0,0,.254,.422,.345,.324,.332,.165,.351,.024,.038,.021,85.4,17.8,40.7,5.3,5.9,28.0,31.3,25.4,4.1,27.5,72.2,19.0,26.3,31.5,68.5,84,267,52.9,82.5,7.1,266,1149,505,81.0,47.1,42.0,22.9,47.7,36.6,35.7,27.7,60.2,33.9,28.3,30.4,7.4,24.6,
Suarez, Eugenio,2019,28,575,662,156,83,22,2,49,189,70,28.5,10.6,.271,.572,.358,.930,.301,329,2,3,.248,.503,.381,.355,.341,.253,.398,.023,.069,.026,89.4,17.8,39.3,14.0,6.1,23.0,27.6,26.3,3.1,40.8,66.9,19.5,24.1,53.0,47.0,177,334,52.3,77.0,6.9,284,1610,756,80.5,47.7,44.2,28.7,44.4,50.3,29.1,20.7,61.8,36.0,31.6,24.0,8.4,25.9,
Santana, Domingo,2019,27,451,507,114,72,20,1,21,164,50,32.3,9.9,.253,.441,.327,.769,.188,199,3,8,.257,.492,.326,.347,.334,.233,.394,-0.004,-0.051,-0.021,89.0,11.7,41.2,12.5,6.2,29.4,17.3,30.1,4.5,42.1,69.4,24.3,24.8,53.3,46.7,138,259,50.6,86.1,8.0,270,1169,629,75.7,49.4,41.1,31.9,46.8,34.9,38.8,26.3,62.5,43.3,24.2,30.4,2.1,26.7,
Urshela, Gio,2019,28,442,476,139,84,34,0,21,87,25,18.3,5.3,.314,.534,.355,.889,.219,236,1,1,.294,.505,.369,.353,.337,.209,.387,.020,.029,.016,90.5,13.6,37.6,7.0,8.1,29.2,23.4,30.6,1.7,40.6,74.3,17.8,40.0,29.6,70.4,111,375,52.3,79.8,6.9,183,1009,601,82.2,47.7,40.5,22.2,56.5,37.3,38.2,24.2,67.2,41.5,23.1,29.8,5.6,26.3,
Sanchez, Yolmer,2019,27,496,555,125,99,20,4,2,117,44,21.1,7.9,.252,.321,.314,.634,.069,159,4,5,.237,.320,.281,.276,.305,.080,.327,.015,.001,.005,85.6,12.8,32.1,1.0,5.4,28.3,28.3,32.9,4.1,27.1,66.5,16.4,30.6,36.2,63.8,128,354,51.5,73.2,7.3,359,1402,484,83.6,48.5,42.7,22.9,48.0,29.8,37.5,32.6,61.8,45.0,21.1,25.7,8.2,27.7,
Arenado, Nolan,2019,28,588,662,185,111,31,2,41,93,62,14.0,9.4,.315,.583,.379,.962,.269,343,2,3,.272,.484,.392,.344,.343,.208,.368,.043,.099,.048,89.4,17.7,34.6,8.0,6.8,23.5,30.8,30.0,1.0,37.4,72.8,12.0,34.9,35.2,64.8,166,471,56.5,78.7,6.9,236,1436,718,88.0,43.5,38.2,20.9,51.4,39.2,38.4,22.5,62.1,36.8,26.2,25.2,11.7,25.9,
Muncy, Max,2019,29,487,589,122,64,22,1,35,149,90,25.3,15.3,.251,.515,.374,.889,.265,251,1,4,.269,.522,.373,.385,.390,.251,.357,-0.018,-0.007,-0.012,89.7,14.2,39.8,12.3,7.9,26.0,23.1,27.5,3.2,43.4,62.6,23.0,19.6,45.8,54.2,121,264,52.7,75.5,6.1,363,1421,764,77.0,47.3,42.4,29.0,39.9,42.1,35.1,22.8,55.0,38.6,29.8,27.2,4.4,27.7,
Myers, Wil,2019,29,435,490,104,63,22,1,18,168,51,34.3,10.4,.239,.418,.320,.739,.179,182,7,16,.241,.435,.317,.323,.323,.193,.388,-0.001,-0.016,-0.006,88.9,11.1,32.7,11.2,8.6,22.7,21.9,30.1,5.6,40.8,62.3,25.1,27.2,47.8,52.2,140,293,52.8,71.3,6.3,234,1158,642,74.9,47.2,42.2,32.5,43.8,38.3,39.8,21.9,64.2,44.6,20.8,26.0,8.6,28.3,
Voit, Luke,2019,28,429,510,113,70,21,1,21,142,71,27.8,13.9,.263,.464,.378,.842,.200,199,0,0,.249,.494,.360,.365,.367,.242,.392,.014,-0.030,-0.005,89.7,12.8,39.9,13.2,7.3,22.2,23.6,29.9,3.8,40.4,76.6,25.7,22.4,62.7,37.3,153,244,54.1,90.9,7.1,234,1052,726,74.3,45.9,40.9,35.1,47.3,43.1,37.2,19.8,59.8,40.6,27.1,29.2,3.1,25.8,
Walker, Christian,2019,28,529,603,137,81,26,1,29,155,67,25.7,11.1,.259,.476,.348,.825,.217,252,1,8,.263,.516,.346,.362,.352,.250,.365,-0.004,-0.040,-0.016,91.1,14.8,34.1,13.1,6.7,23.5,24.0,30.1,2.7,48.4,75.0,22.1,23.8,48.3,51.7,143,296,51.5,85.4,7.1,248,1464,699,77.9,48.5,40.6,28.8,48.7,36.3,40.0,23.7,58.9,42.7,27.5,22.7,7.2,27.2,
Carpenter, Matt,2019,34,416,492,94,57,20,2,15,129,63,26.2,12.8,.226,.392,.333,.725,.166,163,1,6,.230,.427,.315,.332,.340,.194,.322,-0.003,-0.034,-0.017,87.2,18.1,37.2,7.8,8.5,23.5,31.7,22.5,5.8,31.1,61.0,18.8,20.7,45.6,54.4,104,228,51.9,77.0,6.4,375,1223,524,81.2,48.1,44.9,25.7,40.2,44.7,30.7,24.6,54.8,34.5,34.8,25.3,5.5,26.0,
Dozier, Brian,2019,32,416,482,99,59,20,0,20,105,61,21.8,12.7,.238,.430,.340,.771,.192,179,4,3,.240,.432,.329,.331,.343,.190,.317,-0.002,-0.002,-0.002,88.3,19.0,32.7,6.7,7.1,27.2,32.7,22.4,3.8,34.9,61.4,16.8,19.6,44.9,55.1,96,214,53.4,68.3,6.8,193,1194,657,83.2,46.6,41.2,24.3,39.1,51.0,29.2,19.9,56.0,35.9,29.8,24.0,10.3,26.9,
Iglesias, Jose,2019,29,504,530,145,110,21,3,11,70,20,13.2,3.8,.288,.407,.317,.724,.119,205,6,6,.272,.369,.306,.289,.303,.093,.333,.016,.038,.017,84.0,7.0,30.9,2.5,2.3,25.4,17.6,46.2,5.9,23.9,66.8,10.1,45.8,22.3,77.7,104,466,54.3,65.1,6.9,158,1157,558,89.9,45.7,42.4,15.3,55.4,33.6,42.3,24.0,64.9,53.3,16.9,24.0,5.7,27.1,
Bryant, Kris,2019,27,543,634,153,86,35,1,31,145,74,22.9,11.7,.282,.521,.382,.903,.239,283,0,4,.246,.460,.380,.347,.351,.212,.383,.036,.061,.033,87.4,19.3,36.0,9.3,6.8,22.0,31.0,28.3,2.8,34.1,74.1,21.0,27.1,45.1,54.9,164,364,54.6,80.4,6.6,299,1408,753,79.0,45.4,41.6,28.4,48.4,43.3,33.5,23.3,58.4,36.3,28.5,24.0,11.3,28.2,
Canha, Mark,2019,30,410,497,112,67,16,3,26,107,67,21.5,13.5,.273,.517,.396,.913,.244,212,2,3,.248,.469,.386,.362,.376,.219,.367,.025,.048,.024,89.1,15.0,32.5,9.5,5.9,22.6,27.2,31.8,3.0,41.1,60.3,17.6,22.1,36.7,63.3,88,240,51.9,71.2,7.5,259,1130,703,82.4,48.1,39.7,22.9,40.5,49.2,29.5,21.3,60.4,41.0,23.9,23.0,12.1,27.6,
Castellanos, Nicholas,2019,27,615,664,178,90,58,3,27,143,41,21.5,6.2,.289,.525,.337,.863,.236,323,2,2,.283,.547,.358,.364,.333,.262,.375,.006,-0.022,-0.006,89.0,13.9,40.0,11.2,9.3,25.1,23.8,26.7,4.0,41.4,74.6,14.2,38.4,47.3,52.7,241,509,54.9,85.5,6.6,280,1300,839,85.8,45.1,41.3,26.9,54.7,37.9,35.2,26.9,61.9,38.9,28.6,27.8,4.6,27.9,
Machado, Manny,2019,27,587,661,150,95,21,2,32,128,65,19.4,9.8,.256,.462,.334,.796,.206,271,3,5,.266,.466,.335,.342,.345,.198,.325,-0.010,-0.004,-0.007,91.2,13.0,31.2,8.0,8.0,22.7,27.1,32.7,1.5,43.7,69.1,14.8,28.4,42.7,57.3,162,379,55.2,78.8,6.5,254,1484,679,85.2,44.8,41.3,24.2,46.7,31.4,41.1,27.5,61.7,42.2,25.8,21.4,10.6,26.4,
Moran, Colin,2019,27,466,503,129,85,30,1,13,117,30,23.3,6.0,.277,.429,.322,.751,.152,200,1,0,.262,.442,.315,.316,.309,.178,.365,.015,-0.013,-0.001,88.2,12.3,37.7,7.4,6.5,27.8,22.7,32.6,3.1,34.8,75.6,16.0,35.5,39.7,60.3,139,350,55.3,86.9,6.0,252,1053,475,84.0,44.7,43.3,24.8,53.5,40.2,36.5,23.2,65.0,43.9,19.3,30.0,6.8,25.3,
Pederson, Joc,2019,27,450,514,112,57,16,3,36,111,50,21.6,9.7,.249,.538,.339,.876,.289,242,1,1,.254,.477,.362,.347,.343,.221,.328,-0.005,.061,.015,90.9,15.3,31.7,10.3,5.0,20.5,30.2,31.4,2.6,43.5,68.3,17.5,26.2,39.5,60.5,113,286,53.6,77.2,7.1,345,1230,458,82.5,46.4,42.4,24.2,45.8,46.0,35.5,18.5,57.8,42.5,26.1,21.1,10.3,26.2,
Realmuto, J.T.,2019,28,538,593,148,84,36,3,25,123,41,20.7,6.9,.275,.493,.327,.820,.217,265,1,9,.278,.474,.340,.342,.337,.192,.350,-0.003,.019,-0.002,90.3,14.4,35.0,8.7,7.6,24.6,26.7,30.0,2.4,40.9,70.3,16.6,32.7,38.1,61.9,151,396,52.0,74.1,6.8,238,1320,773,83.4,48.0,44.9,23.8,50.7,40.7,34.5,24.8,58.3,39.7,23.9,28.4,8.0,28.7,
Renfroe, Hunter,2019,27,440,494,95,42,19,1,33,154,46,31.2,9.3,.216,.489,.289,.778,.273,215,0,5,.218,.451,.320,.311,.292,.230,.325,-0.002,.038,.009,89.9,19.1,32.2,12.0,5.5,21.2,33.2,25.3,2.7,39.4,64.9,21.5,29.5,48.0,52.0,153,319,53.5,71.9,6.7,171,1128,721,78.5,46.5,40.5,30.6,45.9,53.4,32.9,13.7,62.3,35.6,32.9,20.2,11.3,27.1,
Rosario, Eddie,2019,28,562,590,155,94,28,1,32,86,22,14.6,3.7,.276,.500,.300,.800,.224,281,1,3,.269,.501,.329,.330,.297,.230,.322,.007,-0.001,-0.001,89.1,16.7,33.4,8.5,7.1,20.7,31.3,30.5,1.9,36.0,80.7,15.8,43.1,29.2,70.8,146,500,56.8,86.1,6.0,377,1055,612,84.2,43.2,41.0,21.3,59.1,44.4,35.5,20.1,59.5,37.8,29.7,23.4,9.1,27.1,
Yelich, Christian,2019,28,489,580,161,85,29,3,44,118,80,20.3,13.8,.329,.671,.429,1.100,.342,328,2,30,.314,.623,.442,.421,.418,.307,.430,.016,.049,.021,93.1,11.2,33.2,15.8,6.4,23.8,20.3,31.0,2.7,49.1,69.9,16.1,27.9,49.6,50.4,184,371,58.8,81.3,4.9,340,1326,601,83.9,41.2,40.8,28.2,45.2,35.8,40.6,23.3,54.9,42.8,28.1,24.1,5.1,28.7,
Merrifield, Whit,2019,30,681,735,206,139,41,10,16,126,45,17.1,6.1,.302,.463,.348,.811,.160,315,10,20,.288,.435,.340,.325,.335,.145,.369,.014,.028,.015,86.4,15.3,42.4,4.3,5.7,30.4,27.5,28.6,3.4,28.9,67.6,14.2,30.7,33.1,66.9,141,426,50.2,68.9,7.1,297,1596,874,85.8,49.8,43.7,20.1,49.0,34.5,37.6,27.9,60.5,38.5,23.1,32.4,6.1,28.6,
Bogaerts, Xander,2019,27,614,698,190,105,52,0,33,122,76,17.5,10.9,.309,.555,.384,.939,.246,341,2,4,.280,.484,.390,.358,.360,.202,.382,.029,.071,.032,90.6,13.1,35.3,8.6,7.0,23.7,26.1,32.7,1.8,43.7,56.2,13.9,27.4,34.0,66.0,140,412,52.5,66.1,7.6,285,1625,946,86.1,47.5,43.2,20.9,41.1,36.5,39.6,23.9,57.2,42.6,26.3,23.3,7.8,28.0,
Alberto, Hanser,2019,27,524,550,160,125,21,2,12,50,16,9.1,2.9,.305,.422,.327,.749,.116,221,4,4,.290,.397,.318,.303,.315,.105,.335,.015,.025,.015,82.8,10.7,32.7,2.9,2.7,27.1,24.6,34.2,8.5,18.3,73.5,8.2,44.7,23.8,76.2,99,416,52.8,77.2,7.7,172,1009,580,91.8,47.2,41.0,14.6,58.3,38.3,37.9,23.8,66.2,48.1,22.9,23.5,5.4,26.8,
Polanco, Jorge,2019,26,631,704,186,117,40,7,22,116,60,16.5,8.5,.295,.485,.355,.840,.190,306,3,4,.279,.469,.352,.344,.345,.188,.356,.016,.016,.008,87.0,17.9,41.8,6.7,8.2,26.7,31.5,23.3,3.6,33.0,65.2,10.5,26.6,32.0,68.0,126,394,53.8,71.8,6.4,551,1542,658,89.5,46.2,41.7,17.4,44.6,34.7,39.1,26.1,59.5,31.9,29.0,30.9,8.2,28.2,
Calhoun, Kole,2019,32,552,632,128,65,29,1,33,162,70,25.6,11.1,.232,.467,.324,.792,.236,258,1,4,.247,.477,.330,.340,.339,.228,.327,-0.015,-0.010,-0.010,89.3,14.7,36.2,11.2,8.4,24.5,24.0,28.6,3.3,42.6,73.1,22.3,26.0,57.2,42.8,187,327,53.1,84.1,7.7,411,1300,657,77.7,46.9,41.5,32.2,48.1,47.4,33.2,19.4,59.3,41.3,28.3,25.0,5.4,25.9,
Eaton, Adam,2019,31,566,656,158,111,25,7,15,106,65,16.2,9.9,.279,.428,.360,.787,.148,242,3,15,.277,.423,.342,.340,.363,.144,.341,.002,.005,.002,86.6,13.2,33.9,3.8,6.4,26.3,28.8,28.4,6.4,34.2,61.8,11.2,26.3,31.8,68.2,117,368,52.6,67.3,7.7,296,1669,697,88.8,47.4,41.6,17.8,43.1,29.4,39.0,31.6,57.9,42.4,23.3,25.6,8.7,28.3,
Kiermaier, Kevin,2019,29,447,480,102,61,20,7,14,104,26,21.7,5.4,.228,.398,.277,.675,.170,178,5,19,.246,.393,.284,.292,.295,.144,.297,-0.018,.005,-0.008,88.9,6.7,26.4,5.5,4.3,23.5,20.3,43.5,2.9,37.8,75.1,15.9,34.9,44.3,55.7,141,318,51.1,75.7,8.3,256,983,544,84.1,48.9,41.8,25.2,54.5,32.5,45.2,22.3,66.3,53.3,18.3,20.9,7.5,29.4,
Profar, Jurickson,2019,26,459,518,100,54,24,2,20,75,48,14.5,9.3,.218,.410,.301,.711,.192,188,1,9,.251,.426,.301,.323,.332,.172,.258,-0.033,-0.016,-0.022,86.7,14.2,30.2,6.2,4.9,23.5,28.9,32.6,3.9,30.9,65.4,12.7,26.1,37.3,62.7,103,276,52.1,80.1,7.2,396,1177,455,87.3,47.9,42.4,20.2,45.2,47.0,31.0,22.0,57.5,42.9,23.3,23.3,10.6,26.7,
Baez, Javier,2019,27,531,561,149,78,38,4,29,156,28,27.8,5.0,.281,.531,.316,.847,.250,282,7,11,.270,.503,.347,.334,.305,.231,.395,.011,.028,.013,91.0,7.6,36.3,12.7,5.0,22.3,17.8,38.2,4.0,43.6,73.2,24.8,42.2,49.1,50.9,239,487,58.1,75.6,6.0,196,1098,690,75.2,41.9,40.1,35.7,55.2,31.6,40.6,27.9,65.8,50.4,22.5,24.7,2.4,28.6,
Lindor, Francisco,2019,26,598,654,170,96,40,2,32,98,46,15.0,7.0,.284,.518,.335,.853,.234,310,5,22,.276,.462,.349,.330,.330,.183,.336,.008,.056,.019,90.6,11.9,29.8,7.5,4.7,23.3,27.0,35.5,2.0,40.6,72.3,10.3,31.7,30.8,69.3,123,400,52.4,77.1,6.9,412,1415,579,89.7,47.6,42.2,17.1,51.2,41.4,36.5,22.1,57.6,45.0,22.5,24.3,8.3,27.5,
Odor, Rougned,2019,25,522,581,107,46,30,1,30,178,52,30.6,9.0,.205,.439,.282,.721,.234,229,9,11,.229,.468,.302,.322,.304,.239,.310,-0.024,-0.029,-0.020,89.4,16.2,30.6,13.6,6.4,18.2,29.2,27.2,5.5,45.6,66.8,20.0,29.7,48.6,51.4,177,364,52.5,76.7,7.0,305,1332,696,80.0,47.5,42.2,29.4,47.3,45.7,35.8,18.5,57.1,38.4,28.9,21.7,11.0,28.0,
Story, Trevor,2019,27,588,656,173,95,38,5,35,174,58,26.5,8.8,.294,.554,.363,.917,.260,326,8,23,.264,.463,.380,.339,.337,.198,.415,.030,.091,.041,90.9,17.3,36.5,8.6,7.2,28.1,28.8,24.9,2.4,45.8,70.1,17.5,28.5,45.9,54.1,187,407,53.1,82.0,6.2,292,1564,828,82.5,46.9,41.8,26.5,48.0,37.4,34.5,27.8,57.9,33.8,28.1,30.0,8.2,29.2,
Vogelbach, Daniel,2019,27,462,558,96,49,17,0,30,149,92,26.7,16.5,.208,.439,.341,.780,.232,203,0,0,.228,.445,.333,.346,.359,.216,.305,-0.020,-0.006,-0.013,88.9,17.2,39.7,10.8,6.3,21.9,32.7,24.4,3.8,37.7,51.0,21.2,19.5,39.2,60.8,104,265,54.2,54.6,6.5,378,1356,777,78.8,45.8,43.0,26.9,34.0,37.5,36.8,25.7,52.0,33.7,29.2,27.9,9.2,24.1,
Kepler, Max,2019,26,524,596,132,64,32,0,36,99,60,16.6,10.1,.252,.519,.336,.855,.267,272,5,1,.262,.458,.355,.342,.346,.195,.308,-0.010,.061,.013,89.7,18.2,31.0,8.9,7.5,22.1,32.4,27.3,1.9,41.7,73.8,10.6,27.6,42.9,57.1,135,315,53.2,84.5,7.2,334,1269,543,89.4,46.8,41.2,20.1,49.3,50.8,30.1,19.1,62.9,35.9,29.8,21.7,12.6,27.7,
Choi, Ji-Man,2019,28,410,487,107,66,20,2,19,108,64,22.2,13.1,.261,.459,.363,.822,.198,188,3,2,.263,.496,.348,.366,.368,.230,.346,-0.002,-0.037,-0.018,91.1,12.6,37.9,11.3,7.1,24.3,23.0,31.4,2.9,42.4,68.0,18.1,20.2,47.7,52.3,103,216,53.0,83.7,7.3,373,1109,538,81.9,47.0,41.3,25.5,42.7,33.3,42.7,23.9,61.6,41.4,26.9,27.8,3.9,25.3,
Bradley Jr., Jackie,2019,29,494,567,111,59,28,3,21,155,56,27.3,9.9,.225,.421,.316,.737,.196,208,6,8,.242,.435,.314,.327,.334,.191,.326,-0.017,-0.014,-0.013,89.7,8.7,31.1,9.9,6.1,21.8,20.6,38.7,2.9,43.0,68.6,26.0,28.2,48.4,51.6,154,318,51.1,75.3,7.3,369,1216,621,74.0,48.9,41.9,32.7,48.0,37.2,39.2,23.5,61.4,50.9,24.4,19.8,4.9,27.6,
Nunez, Renato,2019,25,541,599,132,77,24,0,31,143,44,23.9,7.3,.244,.460,.311,.771,.216,249,1,1,.252,.469,.323,.331,.319,.216,.328,-0.008,-0.009,-0.008,89.9,20.0,32.1,10.7,5.5,24.4,32.8,23.9,2.7,40.6,67.9,17.1,34.5,43.9,56.1,206,469,55.2,72.3,6.5,280,1352,831,82.9,44.8,40.8,27.4,49.5,41.8,31.8,26.4,59.9,33.3,27.9,25.6,13.2,27.1,
Ahmed, Nick,2019,29,556,625,141,83,33,6,19,113,52,18.1,8.3,.254,.437,.315,.752,.183,243,2,8,.257,.422,.315,.318,.323,.163,.310,-0.003,.015,-0.003,87.5,7.5,35.7,6.6,5.5,23.5,22.6,37.9,3.9,33.8,72.2,14.0,27.8,39.3,60.7,133,338,51.6,85.1,7.4,216,1423,717,86.0,48.4,42.4,21.3,49.3,33.6,41.7,24.8,62.9,48.5,22.8,24.3,4.4,28.2,
Anderson, Brian,2019,26,459,520,120,66,33,1,20,114,44,21.9,8.5,.261,.468,.342,.811,.207,215,1,5,.259,.461,.342,.343,.343,.198,.345,.002,.007,-0.001,89.9,11.1,31.3,8.9,7.2,25.0,22.4,33.6,2.9,45.7,65.1,16.3,31.9,47.7,52.3,155,325,52.9,74.6,7.0,208,1199,518,83.7,47.1,42.0,27.4,47.5,31.6,39.1,29.3,62.7,45.7,24.1,23.9,6.3,27.0,
Bell, Josh,2019,27,527,613,146,69,37,3,37,118,74,19.2,12.1,.277,.569,.367,.936,.292,300,1,0,.283,.556,.379,.381,.374,.271,.351,-0.006,.013,-0.002,92.3,13.0,34.9,12.7,7.7,20.7,23.8,33.4,1.7,47.1,76.6,19.8,27.6,37.0,63.0,143,387,58.1,87.2,5.2,514,1359,536,80.2,41.9,42.0,25.3,48.1,38.9,35.6,25.2,55.0,44.0,26.9,22.8,6.3,26.7,
Betts, Mookie,2019,27,597,706,176,102,40,5,29,101,97,14.3,13.7,.295,.524,.391,.915,.229,313,3,16,.311,.573,.380,.408,.408,.260,.349,-0.016,-0.049,-0.028,91.0,19.1,39.4,10.3,8.5,26.7,29.5,23.0,2.0,46.6,59.3,7.9,18.7,34.2,65.8,96,281,51.7,66.0,7.1,290,1802,811,92.1,48.3,42.2,14.5,38.3,39.4,38.2,22.4,55.1,31.9,30.5,29.1,8.5,27.9,
Panik, Joe,2019,29,438,491,107,79,21,2,5,47,43,9.6,8.8,.244,.336,.314,.649,.091,147,2,4,.251,.373,.284,.304,.323,.118,.271,-0.007,-0.037,-0.020,86.3,12.3,33.8,2.0,6.0,24.4,28.5,36.0,3.0,25.6,63.7,6.4,21.4,21.7,78.3,45,207,51.8,68.5,7.8,315,1130,426,93.6,48.2,44.5,10.6,41.9,34.5,39.3,26.2,55.8,44.6,22.4,25.7,7.3,25.5,
Smith, Mallex,2019,26,510,566,116,82,19,9,6,141,42,24.9,7.4,.227,.335,.299,.634,.108,171,9,46,.219,.297,.278,.265,.293,.074,.314,.008,.038,.013,84.3,7.2,29.6,2.2,3.5,21.2,24.2,45.7,3.2,19.8,68.5,22.9,25.9,43.9,56.1,125,285,49.4,73.8,8.6,288,1364,575,77.1,50.6,42.0,28.6,47.3,28.0,41.4,30.6,62.9,51.9,19.4,21.8,7.0,29.4,
Arcia, Orlando,2019,25,494,546,110,78,16,1,15,109,43,20.0,7.9,.223,.350,.282,.632,.128,173,5,8,.232,.367,.269,.284,.295,.131,.281,-0.009,-0.017,-0.015,87.5,6.3,27.5,4.6,4.6,21.9,22.6,41.7,4.6,30.8,65.0,18.0,30.3,38.4,61.6,123,320,50.8,76.3,8.1,170,1210,698,82.0,49.2,40.4,24.6,47.5,31.3,44.0,24.7,60.3,52.7,20.6,21.9,4.8,26.4,
Marte, Ketel,2019,26,569,628,187,110,36,9,32,86,53,13.7,8.4,.329,.592,.389,.981,.264,337,2,10,.299,.521,.405,.370,.362,.219,.386,.030,.071,.035,89.8,11.5,34.6,9.3,5.8,25.4,23.7,33.4,2.5,40.0,70.5,11.3,28.3,31.1,68.9,115,370,54.5,77.3,6.4,433,1389,580,88.7,45.5,42.3,17.7,47.5,40.2,38.1,21.6,58.1,43.7,23.7,26.4,6.2,27.9,
Turner, Trea,2019,26,521,569,155,94,37,5,19,113,43,19.9,7.6,.298,.497,.353,.850,.200,259,5,35,.282,.454,.356,.336,.340,.169,.378,.016,.044,.020,90.3,9.7,29.8,6.8,6.3,26.1,21.2,38.0,1.5,41.5,67.1,12.5,29.0,45.1,54.9,157,348,53.6,70.9,7.1,205,1281,747,87.5,46.4,43.3,23.4,46.7,38.5,36.6,24.9,62.5,47.6,21.5,23.7,7.3,30.4,
Pillar, Kevin,2019,30,611,645,158,97,37,3,21,89,18,13.8,2.8,.259,.432,.287,.719,.173,264,5,14,.263,.407,.298,.295,.294,.142,.299,-0.004,.025,.003,86.0,13.9,33.1,4.9,5.7,22.7,28.0,33.5,5.3,30.7,72.9,9.1,46.9,29.0,71.0,159,548,55.1,79.2,6.1,238,1208,676,90.9,44.9,41.2,17.8,58.6,45.2,32.3,22.5,64.5,45.2,21.4,23.4,10.0,28.0,
Ramirez, Jose,2019,27,482,542,123,64,33,3,23,74,52,13.7,9.6,.255,.479,.327,.806,.224,231,4,24,.274,.465,.335,.342,.347,.190,.297,-0.019,.014,-0.007,89.1,19.8,32.6,6.3,7.0,25.1,36.5,22.9,2.2,35.7,63.8,8.9,22.8,28.2,71.8,73,259,52.5,80.0,7.6,399,1198,563,91.1,47.5,44.2,14.6,42.3,48.1,31.4,20.5,56.8,33.8,29.7,25.6,10.9,27.8,
Bregman, Alex,2019,25,554,690,164,84,37,2,41,83,119,12.0,17.2,.296,.592,.423,1.015,.296,328,1,5,.272,.471,.418,.378,.407,.198,.342,.024,.121,.040,89.3,19.6,36.5,5.4,9.8,24.0,34.2,25.5,1.0,37.5,57.2,10.0,15.8,28.3,71.7,69,244,53.9,67.8,7.2,392,1666,797,90.0,46.1,41.7,14.3,35.1,42.8,39.2,18.0,55.2,31.7,29.9,26.9,11.5,27.4,
Seager, Corey,2019,25,489,541,133,69,44,1,19,98,44,18.1,8.1,.272,.483,.335,.817,.211,236,0,1,.261,.464,.340,.332,.326,.199,.337,.011,.019,.008,88.8,14.1,35.4,7.3,6.8,22.5,29.9,32.2,1.3,37.9,77.8,17.3,26.7,48.5,51.5,128,264,52.2,88.5,6.0,322,1050,523,82.7,47.8,42.8,25.7,51.1,33.9,38.2,27.8,58.2,39.0,28.1,26.6,6.3,26.9,
Reyes, Franmil,2019,24,494,548,123,67,19,0,37,156,47,28.5,8.6,.249,.512,.310,.822,.263,253,0,0,.264,.539,.338,.360,.328,.273,.357,-0.015,-0.027,-0.022,93.3,9.5,33.3,14.8,9.0,23.2,18.8,32.2,2.0,51.0,76.8,26.9,30.1,57.2,42.8,198,346,54.2,85.6,5.9,218,1186,713,73.1,45.8,43.6,36.5,51.5,32.2,42.9,24.9,62.6,43.8,26.7,25.5,4.1,26.6,
Swanson, Dansby,2019,25,483,545,121,75,26,3,17,124,51,22.8,9.4,.251,.422,.325,.747,.172,204,5,10,.271,.480,.317,.347,.346,.206,.332,-0.020,-0.058,-0.030,89.8,14.2,36.7,10.1,6.0,27.1,26.8,27.9,1.9,41.6,68.8,20.7,24.6,45.2,54.8,128,283,51.8,75.3,6.6,219,1298,703,79.3,48.2,43.6,27.6,45.9,37.8,36.4,25.8,56.3,37.3,28.2,29.6,4.9,28.7,
Newman, Kevin,2019,26,493,531,152,114,20,6,12,62,28,11.7,5.3,.308,.446,.352,.798,.138,220,8,16,.291,.389,.340,.312,.337,.095,.352,.017,.057,.028,84.7,8.1,33.4,2.1,2.8,28.3,23.0,39.4,4.4,24.4,69.7,7.3,33.6,25.9,74.1,86,332,52.8,78.2,6.6,183,1072,613,92.7,47.2,43.0,13.9,50.6,32.3,39.9,27.9,63.8,50.0,18.9,26.3,4.8,28.5,
Olson, Matt,2019,25,483,547,129,67,26,0,36,138,51,25.2,9.3,.267,.545,.351,.896,.277,263,0,0,.276,.576,.368,.386,.360,.296,.373,-0.009,-0.031,-0.018,91.9,18.3,36.4,14.5,9.0,23.7,27.2,22.0,3.8,50.3,66.5,26.6,24.9,33.0,67.0,95,288,51.3,74.1,7.0,328,1342,589,73.4,48.7,42.9,28.2,45.2,49.7,32.1,18.2,55.8,33.8,30.3,26.0,9.8,26.2,
Alonso, Pete,2019,25,597,693,155,70,30,2,53,183,72,26.4,10.4,.260,.583,.358,.941,.323,348,0,1,.257,.542,.384,.374,.358,.284,.372,.003,.041,.010,90.6,14.8,37.4,15.8,7.0,19.2,23.7,30.7,3.6,42.3,67.2,19.2,31.9,41.8,58.2,214,512,58.4,71.0,6.2,319,1579,846,80.8,41.6,41.4,28.0,46.6,42.4,38.6,18.9,59.0,40.8,28.3,23.3,7.7,26.5,
Conforto, Michael,2019,26,549,648,141,78,29,1,33,149,84,23.0,13.0,.257,.494,.363,.856,.237,271,2,7,.262,.504,.358,.367,.370,.240,.348,-0.005,-0.010,-0.009,88.8,15.7,36.0,11.9,5.2,26.2,28.6,24.0,4.2,39.3,70.3,21.1,25.0,40.7,59.3,142,349,54.4,86.6,5.8,456,1423,686,78.9,45.6,41.4,27.1,45.7,40.5,33.8,25.7,60.0,35.3,29.6,28.4,6.7,27.5,
Frazier, Adam,2019,28,554,608,154,104,33,7,10,75,40,12.3,6.6,.278,.417,.334,.751,.139,231,5,5,.275,.399,.320,.315,.334,.121,.321,.003,.018,.005,86.3,12.1,36.4,1.9,6.4,29.1,26.2,33.3,3.1,28.0,69.5,11.2,27.0,27.2,72.8,85,312,50.5,80.6,7.0,269,1423,597,88.8,49.5,44.4,15.6,48.0,36.6,34.1,29.3,55.4,41.9,22.9,29.1,6.0,27.2,
Puig, Yasiel,2019,29,555,611,148,92,30,2,24,133,44,21.8,7.2,.267,.458,.327,.785,.191,254,7,19,.266,.464,.330,.334,.327,.196,.347,.001,-0.006,-0.004,89.9,14.2,31.2,9.6,5.4,22.5,28.9,31.5,2.1,39.1,77.1,20.6,30.1,46.4,53.6,163,351,52.6,86.2,6.5,201,1482,534,79.4,47.4,42.9,28.2,52.6,32.6,38.7,28.6,60.6,39.4,23.5,26.1,11.0,28.2,
Soler, Jorge,2019,27,589,679,156,74,33,1,48,178,73,26.2,10.8,.265,.569,.352,.921,.304,335,1,3,.277,.593,.378,.392,.365,.314,.376,-0.012,-0.024,-0.014,92.6,15.4,34.7,16.9,8.2,22.2,22.7,27.5,2.7,49.9,68.0,20.9,24.0,60.2,39.8,216,359,54.4,82.5,6.4,324,1397,1027,79.0,45.6,41.3,32.5,44.1,46.7,31.1,22.2,61.4,39.5,27.7,25.1,7.7,27.0,
Meadows, Austin,2019,24,530,591,154,85,29,7,33,131,54,22.2,9.1,.291,.558,.364,.922,.268,296,7,12,.284,.547,.380,.372,.358,.261,.386,.007,.011,.008,90.4,16.7,38.1,12.5,6.8,27.1,25.6,25.3,2.8,42.9,60.7,15.3,24.7,42.1,57.9,134,318,51.5,68.3,7.3,389,1432,675,84.7,48.5,42.2,23.5,42.2,41.1,38.6,20.3,60.9,35.1,29.6,27.6,7.8,28.1,
Mercado, Oscar,2019,25,438,482,118,75,25,3,15,84,28,17.4,5.8,.269,.443,.313,.756,.174,194,4,15,.262,.403,.321,.308,.313,.139,.330,.007,.040,.013,86.5,13.4,33.4,4.1,6.3,27.9,26.8,29.6,5.2,33.9,75.4,13.2,27.5,49.4,50.6,121,245,51.7,85.6,6.8,183,960,581,86.8,48.3,43.2,23.6,50.7,40.0,35.3,24.7,61.2,41.9,25.2,24.9,7.9,29.5,
Anderson, Tim,2019,26,498,518,167,117,32,0,18,109,15,21.0,2.9,.335,.508,.357,.865,.173,253,5,17,.294,.461,.363,.328,.318,.164,.427,.041,.047,.035,88.3,8.7,37.6,5.1,5.9,30.2,17.6,37.9,3.3,37.3,75.1,12.3,43.7,43.2,56.8,176,407,52.7,81.9,7.2,183,983,595,87.7,47.3,43.1,24.5,58.5,29.2,41.4,29.4,62.0,48.1,20.7,28.4,2.8,28.7,
Bellinger, Cody,2019,24,558,661,170,86,34,3,47,108,95,16.3,14.4,.305,.629,.405,1.034,.324,351,5,15,.323,.638,.414,.429,.423,.314,.374,-0.019,-0.010,-0.015,90.7,17.6,40.0,13.0,6.8,27.5,27.9,22.6,2.2,45.5,68.5,19.9,23.6,33.1,66.9,112,338,53.6,80.0,6.0,456,1587,629,80.1,46.4,42.3,23.5,44.4,47.0,30.3,22.6,54.0,32.3,30.3,29.9,7.5,28.8,
Dozier, Hunter,2019,28,523,586,146,81,29,10,26,148,55,25.3,9.4,.279,.522,.348,.870,.243,273,2,2,.261,.471,.360,.337,.333,.208,.384,.018,.051,.023,91.1,16.7,35.8,10.0,7.4,24.2,31.1,24.7,2.6,42.6,64.8,13.2,26.8,56.7,43.3,181,319,52.9,74.2,6.9,255,1185,813,86.8,47.1,43.4,27.0,44.7,39.2,35.5,25.3,60.6,34.5,28.2,28.4,8.9,28.3,
Mancini, Trey,2019,27,602,679,175,100,38,2,35,143,63,21.1,9.3,.291,.535,.364,.899,.244,322,0,1,.283,.511,.373,.364,.359,.224,.377,.008,.024,.009,90.3,7.8,36.4,10.3,7.3,21.8,18.3,39.2,3.0,42.7,67.2,20.3,32.0,38.7,61.3,183,473,54.3,73.8,7.2,341,1440,940,79.7,45.7,41.2,26.9,48.1,31.7,42.0,26.3,63.0,46.3,20.7,28.4,4.5,26.7,
McMahon, Ryan,2019,25,480,539,120,73,22,1,24,160,56,29.7,10.4,.250,.450,.328,.778,.200,216,1,5,.245,.429,.330,.322,.325,.182,.374,.005,.021,.008,91.4,8.4,36.6,9.0,7.1,27.3,17.4,36.6,2.5,47.7,74.7,26.6,26.5,47.7,52.3,148,310,52.1,88.3,6.9,332,1365,551,73.4,47.9,43.2,32.5,49.6,31.7,40.4,28.0,62.7,51.2,19.3,25.5,4.0,26.4,
Rosario, Amed,2019,24,616,655,177,125,30,7,15,124,31,18.9,4.7,.287,.432,.322,.754,.144,266,10,19,.291,.423,.318,.320,.328,.130,.358,-0.004,.009,-0.002,89.2,8.8,35.6,4.2,4.6,31.0,20.7,37.4,2.0,39.1,69.6,14.2,35.7,41.7,58.3,188,451,53.0,73.4,6.6,244,1331,811,85.8,47.0,43.3,24.3,51.7,26.2,47.3,26.6,62.3,48.3,18.7,28.4,4.6,29.2,
Adames, Willy,2019,24,531,584,135,89,25,1,20,153,46,26.2,7.9,.254,.418,.315,.733,.164,222,2,4,.249,.433,.313,.315,.312,.182,.356,.005,-0.015,-0.002,87.8,10.0,36.1,8.4,7.1,25.4,19.9,35.3,3.9,35.5,68.5,18.3,24.7,52.3,47.7,150,287,49.7,80.9,8.1,251,1316,768,81.7,50.3,42.5,27.2,46.8,33.5,40.3,26.2,62.8,47.4,22.3,26.2,4.2,28.3,
Benintendi, Andrew,2019,25,541,615,144,86,40,5,13,140,59,22.8,9.6,.266,.431,.341,.772,.165,233,3,10,.267,.461,.330,.340,.344,.192,.355,-0.001,-0.030,-0.010,88.6,17.3,40.1,8.1,7.6,29.3,27.4,24.4,3.2,37.7,77.1,21.0,29.5,34.7,65.3,136,392,54.5,85.4,6.5,335,1479,617,79.0,45.5,43.0,25.3,51.2,34.5,39.4,26.2,61.8,39.1,28.1,25.4,7.3,27.1,
McNeil, Jeff,2019,27,510,567,162,100,38,1,23,75,35,13.2,6.2,.318,.531,.384,.916,.214,271,6,5,.290,.472,.385,.355,.360,.178,.372,.028,.059,.030,88.4,13.2,33.9,4.8,7.3,28.9,23.4,31.7,3.9,36.6,83.6,13.9,38.0,32.4,67.6,132,408,52.0,93.7,6.2,314,1256,495,86.1,48.0,43.9,20.0,59.9,44.7,31.9,23.4,64.4,43.6,24.1,26.6,5.7,27.2,
Albies, Ozzie,2019,22,640,702,189,114,43,8,24,112,54,16.0,7.7,.295,.500,.352,.852,.205,320,4,15,.291,.490,.354,.351,.348,.197,.355,.004,.010,.003,88.8,15.6,36.8,6.6,7.0,27.8,29.1,27.1,2.4,33.5,80.4,16.1,34.4,36.6,63.4,170,465,54.2,89.4,6.8,484,1350,660,83.9,45.8,42.8,23.0,55.5,40.4,39.1,20.5,64.1,38.0,27.4,29.3,5.3,28.6,
Robles, Victor,2019,22,546,617,139,86,33,3,17,140,35,22.7,5.7,.255,.419,.323,.742,.165,229,9,28,.233,.370,.317,.292,.307,.134,.338,.022,.049,.025,81.0,14.5,34.5,4.8,5.5,21.3,28.1,28.5,11.8,23.0,70.0,14.2,29.2,44.2,55.8,152,344,51.6,80.7,8.4,218,1286,781,85.8,48.4,43.2,23.5,48.9,41.5,34.1,24.5,62.1,42.4,21.3,24.7,11.5,29.3,
Devers, Rafael,2019,23,647,702,201,111,54,4,32,119,48,17.0,6.8,.311,.555,.360,.915,.244,359,8,8,.295,.519,.377,.360,.347,.223,.379,.016,.036,.017,92.1,10.3,33.1,9.0,9.6,24.5,21.8,33.5,1.5,47.5,75.2,20.0,37.5,31.1,68.9,164,527,53.5,86.3,7.2,381,1545,699,80.0,46.5,42.5,24.0,54.9,36.5,36.7,26.7,61.1,44.8,22.8,25.6,6.8,27.1,
Jimenez, Eloy,2019,23,468,504,125,74,18,2,31,134,30,26.6,6.0,.267,.513,.315,.828,.246,240,0,0,.268,.521,.343,.349,.318,.251,.372,-0.001,-0.008,-0.006,91.2,9.3,32.4,12.8,7.1,20.5,20.2,36.9,2.4,47.9,71.3,22.8,33.7,48.9,51.1,174,356,56.7,76.0,5.6,217,934,712,77.2,43.3,41.4,32.8,49.9,34.5,41.7,23.8,66.9,47.6,23.5,22.9,6.0,27.7,
Torres, Gleyber,2019,23,546,604,152,88,26,0,38,129,48,21.4,7.9,.278,.535,.336,.871,.256,292,2,5,.262,.497,.359,.341,.324,.233,.359,.016,.038,.018,89.0,17.4,38.2,10.1,5.4,22.6,31.4,27.8,2.6,35.8,75.5,19.9,31.1,45.1,54.9,179,397,53.4,85.3,7.4,255,1310,822,80.1,46.6,39.8,28.0,51.8,41.0,35.1,23.8,61.1,37.5,30.0,24.3,8.3,26.5,
Chapman, Matt,2019,26,583,670,145,70,36,3,36,147,73,21.9,10.9,.249,.506,.342,.848,.257,295,1,1,.255,.505,.354,.360,.347,.248,.330,-0.006,.001,-0.006,92.6,16.3,25.5,12.3,7.5,18.7,28.7,31.4,1.4,48.7,62.4,19.1,22.6,36.5,63.5,116,318,51.0,76.6,7.0,301,1632,822,80.9,49.0,42.6,23.7,42.0,39.0,37.1,23.9,57.5,41.7,28.0,19.1,11.2,28.1,
Hoskins, Rhys,2019,26,570,705,129,62,33,5,29,173,116,24.5,16.5,.226,.454,.363,.818,.228,259,2,2,.221,.426,.347,.342,.363,.203,.320,.005,.028,.005,89.7,24.0,31.0,9.7,8.2,21.8,38.5,19.9,2.0,38.7,58.2,17.0,22.0,38.0,62.0,141,371,52.4,70.0,7.4,312,1881,1029,83.0,47.6,42.3,23.2,39.2,46.7,33.0,20.3,54.0,30.0,33.7,22.3,13.9,25.9,
Schwarber, Kyle,2019,26,529,610,132,62,29,3,38,156,70,25.6,11.5,.250,.531,.339,.871,.282,281,3,2,.267,.553,.357,.375,.356,.284,.348,-0.017,-0.022,-0.018,92.7,15.0,35.6,14.5,9.0,19.8,25.9,28.2,2.6,51.2,65.0,22.0,23.7,43.0,57.0,136,316,53.0,73.6,5.9,375,1392,748,78.0,47.0,41.5,28.1,43.0,40.9,31.1,28.0,55.6,38.8,28.8,24.0,8.4,27.1,
DeJong, Paul,2019,26,583,664,136,74,31,1,30,149,62,22.4,9.3,.233,.444,.318,.762,.211,259,5,9,.237,.439,.322,.325,.323,.201,.309,-0.004,.005,-0.003,87.0,18.5,33.4,8.6,4.5,21.4,33.4,27.3,4.8,34.0,69.5,16.0,28.0,45.7,54.3,163,357,50.1,80.0,7.5,265,1490,785,84.0,49.9,42.8,24.2,48.8,45.2,35.5,19.3,61.6,37.7,28.0,22.0,12.3,27.6,
Laureano, Ramon,2019,25,434,481,125,72,29,0,24,123,27,25.6,5.6,.288,.521,.339,.860,.233,226,2,13,.274,.487,.356,.342,.330,.211,.392,.014,.034,.014,89.5,14.8,38.1,9.7,7.2,28.1,25.3,27.8,1.9,40.4,66.2,17.3,29.9,52.7,47.3,147,279,48.6,72.3,7.1,245,1083,590,82.7,51.4,42.9,28.4,48.7,39.4,38.8,21.9,64.4,37.2,27.2,27.5,8.1,28.5,
Moncada, Yoan,2019,24,511,559,161,97,34,5,25,154,40,27.5,7.2,.315,.548,.367,.915,.233,280,3,10,.291,.524,.380,.362,.346,.231,.447,.024,.024,.018,92.8,12.0,40.4,12.2,7.2,28.3,21.6,29.6,1.1,47.9,66.7,20.6,29.0,53.6,46.4,178,332,51.5,73.2,6.4,384,1227,604,79.4,48.5,44.3,31.0,47.3,36.8,38.2,24.9,64.6,41.8,22.7,30.7,4.7,27.8,
Acuna Jr., Ronald,2019,22,626,715,175,110,22,2,41,188,76,26.3,10.6,.280,.518,.364,.881,.238,324,9,37,.279,.572,.369,.386,.365,.290,.399,.001,-0.054,-0.017,90.6,14.2,40.5,15.0,9.1,21.2,22.6,26.9,5.2,46.9,68.4,22.9,24.0,40.5,59.5,153,378,51.6,87.4,7.3,291,1907,850,76.9,48.4,41.9,27.7,45.5,38.7,33.3,28.0,61.4,38.5,29.4,27.3,4.8,29.4,
Fletcher, David,2019,25,596,653,173,133,30,4,6,64,55,9.8,8.4,.290,.384,.349,.733,.094,229,3,8,.302,.380,.318,.323,.361,.076,.325,-0.012,.004,-0.005,83.7,9.8,38.4,0.4,2.6,32.6,24.9,36.5,3.0,16.9,48.7,5.6,22.6,19.9,80.1,55,277,47.3,56.4,8.4,234,1655,707,94.4,52.7,44.6,9.8,36.2,39.7,35.8,24.5,55.6,44.4,15.9,32.6,7.1,27.6,
Kingery, Scott,2019,25,458,500,118,61,34,4,19,147,34,29.4,6.8,.258,.474,.314,.788,.216,217,4,15,.247,.435,.329,.314,.306,.187,.377,.011,.039,.015,88.2,17.5,39.2,8.0,9.2,26.4,27.1,24.2,4.8,38.9,71.3,23.3,31.2,49.8,50.2,160,321,52.1,83.2,6.9,174,1196,603,76.7,47.9,43.6,31.9,50.4,42.7,35.7,21.7,63.6,35.0,25.2,30.9,8.6,29.1,
Guerrero Jr., Vladimir,2019,20,464,514,126,83,26,2,15,91,46,17.7,8.9,.272,.433,.339,.772,.162,201,1,0,.263,.437,.329,.330,.332,.170,.336,.009,-0.004,-0.001,89.4,6.7,30.9,7.7,6.1,22.9,20.0,40.0,3.2,38.4,69.4,15.9,28.9,41.1,58.9,131,319,55.6,85.7,6.3,210,1106,663,84.1,44.4,44.1,24.5,46.8,35.7,41.9,22.4,64.2,50.4,20.0,22.7,6.9,26.3,
Soto, Juan,2019,21,542,659,153,82,32,5,34,132,108,20.0,16.4,.282,.548,.401,.949,.266,297,1,12,.285,.576,.394,.407,.404,.288,.368,-0.003,-0.028,-0.013,91.3,12.0,36.3,12.3,8.7,25.5,21.4,29.3,2.9,47.8,66.5,15.9,20.3,44.9,55.1,142,316,55.8,79.9,6.4,454,1506,827,84.1,44.2,41.9,24.0,40.7,35.6,38.0,26.4,55.5,42.8,26.9,26.7,3.6,27.3,
Reynolds, Bryan,2019,24,491,546,154,97,37,4,16,121,46,22.2,8.4,.314,.503,.377,.880,.189,247,2,3,.296,.476,.371,.357,.363,.179,.413,.018,.027,.014,89.6,9.4,37.5,6.7,5.1,33.0,20.1,31.1,4.0,41.7,71.9,15.7,28.1,48.2,51.8,159,330,55.1,83.6,6.0,381,1192,561,84.3,44.9,42.0,26.3,48.0,37.0,36.5,26.5,60.8,47.2,20.9,28.7,3.2,28.1,